filename,nike fake air force,nike fake jordan 1,nike original air force,nike original jordan 1
0555_jpg.rf.4ff268ba6ba6f9307d6403cb557e5b93.jpg,1,0,0,0
0878_jpg.rf.66de5a0154d85b5ae1cf6887b3e700c5.jpg,1,0,0,0
2188_jpg.rf.4d81f94fa74a9aff2261c80a5d2cee96.jpg,0,1,0,0
2518_jpg.rf.5ae1a1fabd4d38e4f14b8cb02d238854.jpg,0,0,1,0
0147_jpg.rf.5f07dcd89bd1fa7b78c9f78eccfe7efa.jpg,0,0,1,0
1480_jpg.rf.28c933aea3e1ce1f97e72bafabf765c0.jpg,1,0,0,0
2773_jpg.rf.6bba22af258e7c77071a2d335af36d5b.jpg,0,0,1,0
2978_jpg.rf.5390d6acb2c3c094914a5f8dbedace6a.jpg,0,0,1,0
3396_jpg.rf.0b994bfd81a960a9df4c889d2364abb4.jpg,0,0,0,1
1670_jpg.rf.6db3f7afea9035c07846aa10ec13ecc4.jpg,0,1,0,0
0857_jpg.rf.c1589e9c07b74bd56927e139754b3337.jpg,1,0,0,0
1957_jpg.rf.5edbb5bb9a17b1ba790fc6788e23f503.jpg,0,1,0,0
1245_jpg.rf.84ff78eed9a9c40af66e3e649c4403ce.jpg,1,0,0,0
0053_jpg.rf.d13105dff3a6e9812b17c343d6520d93.jpg,1,0,0,0
1231_jpg.rf.8b54fe8d644659bca365872c6f103426.jpg,1,0,0,0
1990_jpg.rf.e8c070468a97fae1b12312dd61919bbd.jpg,0,1,0,0
1208_jpg.rf.c60bba490cf64b1a315521042dc1a6c2.jpg,1,0,0,0
2424_jpg.rf.df19ebaad9e8b6408c700e5557be52f3.jpg,0,0,1,0
3493_jpg.rf.da15907490939d462b4b71eae900715c.jpg,0,0,0,1
2287_jpg.rf.ddbb254f71c7c1b3f586d876b51f3d72.jpg,0,1,0,0
3402_jpg.rf.eb1fd5e89673867ad42a7ce972507fe7.jpg,0,0,0,1
2893_jpg.rf.f6937b8006cb66ee481e0bc0cded0125.jpg,0,1,0,0
1807_jpg.rf.d4d729b23653fd354a064e87080b4efc.jpg,0,1,0,0
2374_jpg.rf.0c3b85ed165debac0d72909d85b27071.jpg,0,1,0,0
0981_jpg.rf.f065509bfbc7265eb2bbad0ab4249811.jpg,1,0,0,0
0101_jpg.rf.8923bf2ea8305d9e8b7ad6beaa37d8be.jpg,0,0,0,1
3810_jpg.rf.52969a7507f5ab0b6d97ddbe015ff652.jpg,0,0,0,1
2656_jpg.rf.4a9d1646bd93a03ae8ec5ed15bd409a1.jpg,0,0,1,0
1501_jpg.rf.57285d79afbc074098ba0e211943bfae.jpg,1,0,0,0
2166_jpg.rf.2c10042c2f5561f21e90f7073b690826.jpg,0,1,0,0
2007_jpg.rf.da71f23c961ae26bca0944b1ab038570.jpg,0,1,0,0
2593_jpg.rf.dcb86580dcb28e116f55aba00799be1b.jpg,0,0,1,0
0036_jpg.rf.1a3ea7390db18723423c06fc399b3830.jpg,1,0,0,0
1771_jpg.rf.b1e1f5c7eea23fd4a2f666a443132d84.jpg,0,1,0,0
1849_jpg.rf.1039ef4a35eed669f78a23ce2bd6bfdd.jpg,0,1,0,0
1605_jpg.rf.6334ad62b7093a3e510680301d9b0935.jpg,1,0,0,0
3061_jpg.rf.2a4c9fb9d815b9cfcce8df6bbb2ac28c.jpg,0,0,1,0
1673_jpg.rf.d1fce481435dbcee863bee01c298a85b.jpg,0,1,0,0
1436_jpg.rf.137cd5af719253c53aca3e86c0c75daa.jpg,1,0,0,0
3840_jpg.rf.87bc2d68bf8859f663f194a9a540ed5b.jpg,0,0,0,1
1610_jpg.rf.f286146c2beb8825c293453284b13e8d.jpg,1,0,0,0
0191_jpg.rf.2e141f46a1e170a0cf90d2158d9df89e.jpg,0,0,0,1
0775_jpg.rf.f593f9db89cab7bf8c253edc54db331a.jpg,1,0,0,0
0508_jpg.rf.b11a07e8f17e1255fd8b8ebfa7565153.jpg,0,0,0,1
0258_jpg.rf.3c714963e13d4d9b049e11d725050098.jpg,1,0,0,0
3420_jpg.rf.45c8f85ca07ed0f4276236acc4964965.jpg,0,0,0,1
2827_jpg.rf.e95c7553f7c0b86686da89c4583bc696.jpg,0,0,1,0
3623_jpg.rf.95b8c68a52dc79ba4f8494047d0219d2.jpg,0,0,0,1
0460_jpg.rf.597150c18559f2f252058c1f359c4241.jpg,1,0,0,0
1793_jpg.rf.527441f9cceac3090f58bf502489b25f.jpg,0,1,0,0
3091_jpg.rf.9ffc75ea4018ab779f400295029636c8.jpg,0,0,1,0
3539_jpg.rf.88b906ff2c88a3639d6fcc05bf6508be.jpg,0,0,0,1
2755_jpg.rf.7edf6e1f3e2bcdfc5a8c275a73eab24f.jpg,0,0,1,0
0103_jpg.rf.bbf3510c79348404d492fe8471ba18f2.jpg,1,0,0,0
3267_jpg.rf.ffb8872d23bb451da4f5e5bb77e53292.jpg,0,0,0,1
3354_jpg.rf.0d7a0b2c20b3f5c543450363fac54fd6.jpg,0,0,0,1
2739_jpg.rf.0553f4e1d72b7c32c53a94508c72489e.jpg,0,0,1,0
0998_jpg.rf.4624e1052d239c7c0adef21eb4320835.jpg,1,0,0,0
2494_jpg.rf.5445c971456c2a9ba1d3322354e5452d.jpg,0,0,1,0
0781_jpg.rf.24c2c8657bd3acc4198dea4f15cba0ff.jpg,1,0,0,0
3057_jpg.rf.a0e79f4cd963060d539f721b7e5e57b6.jpg,0,0,1,0
2382_jpg.rf.7ff9198c3b66513b6f0bc399158e7ef1.jpg,0,0,1,0
0398_jpg.rf.c4f2d4a4f8fba835aa496c3b65b58f01.jpg,1,0,0,0
0302_jpg.rf.3d41144c22400dac486720e11df33942.jpg,0,0,0,1
3683_jpg.rf.a9700f01e41645e77ec122885b7d31ac.jpg,0,0,0,1
1103_jpg.rf.f416d8f7e7598537a11bd0e6bc22981a.jpg,1,0,0,0
0872_jpg.rf.2f4c175e686c66de5085d269e3eff365.jpg,0,1,0,0
2156_jpg.rf.ba729c3eae82945a3142fa35301203fc.jpg,0,1,0,0
3752_jpg.rf.9bc14aaeac08ee7a149d15b564083870.jpg,0,0,0,1
3071_jpg.rf.6b6003ac041f4763ae67bf62e61753e0.jpg,0,0,1,0
3575_jpg.rf.c6c496dac08d876896b02b4d45454c45.jpg,0,0,0,1
3387_jpg.rf.9be10e785f301f102ba7e8db29485d62.jpg,0,0,0,1
1170_jpg.rf.8d249c5c41265a7c24cd4373b3c08a10.jpg,1,0,0,0
0111_jpg.rf.c9bf54944f0074c28821893a61f6b302.jpg,1,0,0,0
0345_jpg.rf.323db1c8342e1066edb5b0de3c5eb0e2.jpg,1,0,0,0
0580_jpg.rf.02739f555f5fcc4958cb40f0d8308a91.jpg,0,0,0,1
3436_jpg.rf.bfda60939cb3d3bf2bbd459e0bab0f33.jpg,0,0,0,1
1725_jpg.rf.2a58641a877c402bf3620919d0cb4163.jpg,0,1,0,0
3597_jpg.rf.2d660bf4db6c9c642eca809d88705a15.jpg,0,0,0,1
3561_jpg.rf.a9526cdb68efc8663cceee3c1f7f4a09.jpg,0,0,0,1
3863_jpg.rf.4680e5e94e313abbc1a57b5556a04e4e.jpg,0,0,1,0
1831_jpg.rf.67974275e15819fadca2ebe359400dbe.jpg,0,1,0,0
0558_jpg.rf.2da4d84c37c6f089ba16e014b4ba85a7.jpg,1,0,0,0
2194_jpg.rf.17c0a388c38fb00f77c0954e30c2e423.jpg,0,1,0,0
2177_jpg.rf.067e19016ca8b9a08574613c0d6744c6.jpg,0,1,0,0
2046_jpg.rf.72e0decd2c47701600f312f8b138de12.jpg,0,1,0,0
1154_jpg.rf.c637cb19580ec48b99b58fd84d02f2d8.jpg,1,0,0,0
1434_jpg.rf.59f408b4f102a4af6c07fb334d3f7979.jpg,1,0,0,0
1897_jpg.rf.541f1eef64c0cf74efaaf430176dd96a.jpg,0,1,0,0
2478_jpg.rf.c0bbb7567ec6ac4ec858d2468d08e631.jpg,0,0,1,0
1144_jpg.rf.dcc4b9bb51f5ce024b4a1a50f180bcb6.jpg,1,0,0,0
0543_jpg.rf.e6a4359d992b4deef93c97475fa6e58b.jpg,1,0,0,0
2031_jpg.rf.9418924449bd49c98b5aadde771c1d94.jpg,0,1,0,0
3796_jpg.rf.026ae480223f628579d8056e59b6db73.jpg,0,0,0,1
0752_jpg.rf.ab9264ba8858f67b6dec19fcc20a4d7a.jpg,1,0,0,0
0532_jpg.rf.672aa9247ededaec37baac4763e98270.jpg,0,0,0,1
1694_jpg.rf.5e2d9748ef42497395b3f53f4d15a52e.jpg,0,1,0,0
2352_jpg.rf.1dab2f1d9b0c63d8842e96f4e43c7aba.jpg,0,1,0,0
0308_jpg.rf.f8e445b004f536b58ffe8dc6f9ae07bf.jpg,0,1,0,0
0266_jpg.rf.5158146b2cc5a3f9abf80307e74550d3.jpg,1,0,0,0
0832_jpg.rf.8f6f0882f5bf2dc0bb99327e5346a0cd.jpg,1,0,0,0
2205_jpg.rf.3a5064c359a4be881b1020c8c930cdad.jpg,0,1,0,0
3296_jpg.rf.814f8a14f43faf94d4a564f7eb7a3dda.jpg,0,0,0,1
1958_jpg.rf.cc4a927bab41b4404a0bad9fb2e90cde.jpg,0,1,0,0
3611_jpg.rf.1c8e6769601f6122b27130b99073f04d.jpg,0,0,0,1
1707_jpg.rf.68c0ed6f21729ae61e1321d85e685062.jpg,0,1,0,0
0637_jpg.rf.13edf85c473496671991155ad468302c.jpg,0,0,1,0
0849_jpg.rf.e290b6e98a4936dcf84690664db0bb7a.jpg,1,0,0,0
3391_jpg.rf.3091b1c4f3f3ec10cdee3e74beab1a8c.jpg,0,0,0,1
2016_jpg.rf.26414d2acd3a03e4a2d7c7c11fd38bb4.jpg,0,1,0,0
3822_jpg.rf.2454e3d6899203a08997ca35a4830978.jpg,0,0,0,1
2968_jpg.rf.60899f61c826d06221006257863a3118.jpg,0,0,1,0
1186_jpg.rf.e6cb46876f0b1b94ce2ba13e0a762697.jpg,1,0,0,0
1300_jpg.rf.a7958b889d75fa33919b581309bed842.jpg,1,0,0,0
1750_jpg.rf.95b2dd53f5147ff95571d7cbcbdb2f16.jpg,0,1,0,0
3341_jpg.rf.0301304e7ae936c3e74ea02036d152bc.jpg,0,0,0,1
1714_jpg.rf.6c93f8a55f36267622bbbe227528aa43.jpg,0,1,0,0
1919_jpg.rf.f4326e0eac6dd1a638d9d9af66d156b9.jpg,0,1,0,0
0595_jpg.rf.df17f884c8667b33337ba8192a5a7aee.jpg,0,1,0,0
0638_jpg.rf.780aff19c7aaf7b337d96efb5abc4f4b.jpg,0,0,0,1
2826_jpg.rf.25cd161c6b37b7422a86dfc603222fa0.jpg,0,0,1,0
1237_jpg.rf.42d52155151789141fc0ab06498f5b97.jpg,1,0,0,0
0176_jpg.rf.0059af30606cfa684710e7835906d4c0.jpg,0,0,0,1
1576_jpg.rf.6738e2de7969d28d13e9cfc2e930e5c9.jpg,1,0,0,0
2678_jpg.rf.d41a94fa4ee841a7116d2146c7e14ca9.jpg,0,0,1,0
1072_jpg.rf.1778e79013f5887013c0e65a159c7744.jpg,1,0,0,0
1307_jpg.rf.a42aa02db9299bbc7bde7a7139158bee.jpg,1,0,0,0
0618_jpg.rf.fc8319a40d2b0ff5fcb67a49f1c45700.jpg,0,0,0,1
1763_jpg.rf.65b97fc6f55642316b2e8ce2f55a0036.jpg,0,1,0,0
3795_jpg.rf.f1ae6fb6dad5c6e7bc4e05246c74ff4b.jpg,0,0,0,1
2839_jpg.rf.4f4d349546e93a6d8fadba07f3d6567f.jpg,0,0,1,0
1588_jpg.rf.fe0bb8f82906481308b4f526f0df52d7.jpg,1,0,0,0
3029_jpg.rf.5b4cb23038b714e313304ea18d8b667c.jpg,0,0,1,0
2227_jpg.rf.7a54b30612f8f68c2cc110fb26f6dabb.jpg,0,1,0,0
2356_jpg.rf.68672364021aeb47a126cf07406ba521.jpg,0,1,0,0
1394_jpg.rf.639b55e891d4b101e082b0c99466fc51.jpg,1,0,0,0
0707_jpg.rf.8b26cc9138bfe2494255e0e3e81c8c36.jpg,0,1,0,0
2304_jpg.rf.9d4134d4ca446f45f6e02f50cad91ca1.jpg,0,1,0,0
3096_jpg.rf.daca5a934ec5193e073887525c18ba05.jpg,0,0,1,0
1787_jpg.rf.4bde380a785c23f5c1933127b17f1c18.jpg,0,1,0,0
3866_jpg.rf.68cdc9938c7778dab9067737d72057ce.jpg,0,0,0,1
1827_jpg.rf.f59835761948837e34c76cbeb9ab154e.jpg,0,1,0,0
1437_jpg.rf.77e55e58c8c3616b7b76d317d8bc7cb1.jpg,1,0,0,0
0473_jpg.rf.2cf499f21ec44424d3acb195f77fb03a.jpg,0,0,1,0
2360_jpg.rf.a4c38760d7758844df0563e57d57fa33.jpg,0,1,0,0
2533_jpg.rf.5fbc682f7b7f9c2127448f0d9a32ce3c.jpg,0,0,1,0
1236_jpg.rf.8ef4e9551d151503d4eee2a1a16cf128.jpg,1,0,0,0
2377_jpg.rf.12705942a0c7c4fa9e6f5421996f3581.jpg,0,0,1,0
3612_jpg.rf.411e4980f03d10ed48287b0c2c796184.jpg,0,0,0,1
0213_jpg.rf.98feca63c9cd398023a799f4a238314e.jpg,0,0,0,1
3162_jpg.rf.2858358c8407be2c8224495116c525ae.jpg,0,0,0,1
3555_jpg.rf.d313bc25df4f8271eec98a03515d9e5a.jpg,0,0,0,1
3028_jpg.rf.7909ec342d3c4f7fa1452e147a1dc885.jpg,0,0,1,0
3018_jpg.rf.d185ef81713a51ef7864248e0fa10e6d.jpg,0,0,1,0
0367_jpg.rf.332d87e401cbdcfa5f4f2006d159f828.jpg,0,1,0,0
0636_jpg.rf.cf1dafbd4a53f8a94c3a20a448bb9247.jpg,0,0,1,0
1215_jpg.rf.a6e3a3a4d23a2fb3131129fae85eb0cb.jpg,1,0,0,0
1004_jpg.rf.3b26ab3bfd7644994a041301adbe3aa2.jpg,1,0,0,0
1959_jpg.rf.dd4fffc8762a678aa3115b4aab394b8a.jpg,0,1,0,0
3600_jpg.rf.41169a8b6eedd80e77e327f249aa75f9.jpg,0,0,0,1
1918_jpg.rf.916e4bb50bde6793eb433a65c3404624.jpg,0,1,0,0
0237_jpg.rf.5f06c27c76906a74bea6d1e4fceeef42.jpg,0,1,0,0
1344_jpg.rf.6bdd2de94e4bfa91d52eeb0e0d0e128b.jpg,0,0,1,0
3355_jpg.rf.92e3f6f5c9d152201d01aa943ffb6a90.jpg,0,0,0,1
0132_jpg.rf.0fb747f6b237391714c9ec349673d0e0.jpg,0,0,1,0
3455_jpg.rf.890139a8de56b04c0ca617ebcb01bf87.jpg,0,0,0,1
2289_jpg.rf.e369d109d2d1f7afb92ba55e948206d0.jpg,0,1,0,0
3277_jpg.rf.01e0168ef7754fcdfa5d88f38d0f75a0.jpg,0,0,0,1
0368_jpg.rf.36a983c5b09332b055b7f538d82f3c44.jpg,0,1,0,0
2344_jpg.rf.530d741cc15fbaa52a18bcea2b40d7b9.jpg,0,1,0,0
3509_jpg.rf.0e3482043ff7d190a6e033990926261d.jpg,0,0,0,1
0563_jpg.rf.2073a63a91b4cbb0e434865397f6a9e4.jpg,0,0,1,0
3068_jpg.rf.ad21686840e3f2428d4dd36ecedb5aec.jpg,0,0,1,0
0189_jpg.rf.db3c24ba0feba34d430a02af9590ec8f.jpg,0,0,0,1
2925_jpg.rf.e86f22ffee6498604a44bd2ffb62f062.jpg,0,0,1,0
0280_jpg.rf.b4965e7428a30bce6412c825f748a14e.jpg,1,0,0,0
3280_jpg.rf.c20fc6d8489ab565a19d4be014702ee7.jpg,0,0,0,1
1358_jpg.rf.65aa80f7bf946ea8b9ebdc3d59b9a12a.jpg,0,0,1,0
3127_jpg.rf.d9e818200ddd0272a45f41a5f16b5546.jpg,0,0,0,1
0687_jpg.rf.49db080875e84751db671aa59dbe1e70.jpg,0,1,0,0
0741_jpg.rf.5f52d013bd97d173a307180b11b1ffa8.jpg,1,0,0,0
0974_jpg.rf.357bd575da02f1d4606f3c743b2e7ffe.jpg,1,0,0,0
0310_jpg.rf.e002f59b890e255eb48dd320d5bcb517.jpg,0,1,0,0
1862_jpg.rf.5dcb6cd21f8da618cc4a46073fab5d91.jpg,0,1,0,0
2363_jpg.rf.a67f4ce41500dc2bde45980c120660a3.jpg,0,1,0,0
0393_jpg.rf.323ab3c6d72c392d93cd451150725937.jpg,1,0,0,0
1825_jpg.rf.6ff9102eefec7f2a19a23abbb0725842.jpg,0,1,0,0
2791_jpg.rf.f3390a83d70d7ae16107c4eb4398b33f.jpg,0,0,1,0
2130_jpg.rf.42b32ccf1222ccd4071a7e822509d15e.jpg,0,1,0,0
3319_jpg.rf.6f03736792a7f4a5fcab9e8508c7d096.jpg,0,0,0,1
3353_jpg.rf.c5ddcacc36b1d6930e8aa4a5f9d7962d.jpg,0,0,0,1
3135_jpg.rf.4576819df43ee400575036f1ec171a42.jpg,0,0,0,1
2339_jpg.rf.e69fe99fa2b61a932d8123a1b99702e9.jpg,0,1,0,0
3101_jpg.rf.d5973291b69f5b2cbbca698ad2c6c9e6.jpg,0,0,1,0
2290_jpg.rf.e04d78f01d762419362428335c85e3a8.jpg,0,1,0,0
1621_jpg.rf.b942c5cbf577803fbb6cd759492871f5.jpg,0,1,0,0
0590_jpg.rf.8cdd7cecf238d31c388b0399a2ecdd9a.jpg,0,0,0,1
0927_jpg.rf.f8b8e0ab4b65899e9e93f26ea14fcfc6.jpg,1,0,0,0
0385_jpg.rf.f0f3b58a5447ac565d78e14aa054e982.jpg,0,1,0,0
2340_jpg.rf.f9cb6315c707d7c887734a59c741f1d6.jpg,0,1,0,0
1105_jpg.rf.0faf34e4c73216ec4d3de0a7e76c432b.jpg,1,0,0,0
2833_jpg.rf.b41d02f0672af2047ad8cadeba0246bb.jpg,0,0,1,0
2085_jpg.rf.28bee2e0436c31ff5030790526897db2.jpg,0,1,0,0
1032_jpg.rf.e98ea57811d9673e5f2ae6647840a732.jpg,1,0,0,0
0888_jpg.rf.0d3cfa34629ed226597144d0bd000852.jpg,1,0,0,0
2698_jpg.rf.39e6ac2ba965389b7804be35d5c910eb.jpg,0,0,1,0
1379_jpg.rf.100a5655e994355359b47ed990b9e9fd.jpg,1,0,0,0
3749_jpg.rf.ffcbded1f6ff97bd290db27784b1122a.jpg,0,0,0,1
2854_jpg.rf.e1240c6f4253843bd2a5c67aa701f751.jpg,0,0,1,0
3504_jpg.rf.f4c52643c413376138aeb40d74148848.jpg,0,0,0,1
0803_jpg.rf.13ce9b7242fe9ff5331fbef1b9261e1d.jpg,0,0,0,1
1035_jpg.rf.8f9296085c751a1c184c1f81b0ff881a.jpg,1,0,0,0
2367_jpg.rf.47ccc8b0a2e161e5cd3ab171e11aaa0f.jpg,0,0,0,1
2930_jpg.rf.133e59eb066948ebbe86ded48374d2b8.jpg,0,0,1,0
1757_jpg.rf.db0f02e2ea2796aca2aeb0937a7c0d0e.jpg,0,1,0,0
3316_jpg.rf.aad435657b683cba4f3714511cbb4a4b.jpg,0,0,0,1
1850_jpg.rf.2cd18996210dd5219870f1e41242f834.jpg,0,1,0,0
3424_jpg.rf.68159f2e29c5d0c226240b0c54b17ee5.jpg,0,0,0,1
3386_jpg.rf.2e79acf6ec099ec8df2957dcb13303ce.jpg,0,0,0,1
3044_jpg.rf.9b959bae8d75537f6b8d0a468fa34d36.jpg,0,0,1,0
0348_jpg.rf.51a77a1263182e2e6f7b702716709429.jpg,0,0,0,1
3580_jpg.rf.c52cda7a8a56442e6c7d1511b2330c85.jpg,0,0,0,1
2013_jpg.rf.a2bf95d821bf33c495f90ca9c933468a.jpg,0,1,0,0
0219_jpg.rf.63eebad80bdec6f6cb681bddd8c02850.jpg,0,0,0,1
0672_jpg.rf.221871c36fac5e33d9064031237f4d0c.jpg,0,1,0,0
1713_jpg.rf.385ae40465c6b1a7d844ded484058678.jpg,0,1,0,0
1682_jpg.rf.e62caeb4423e0ded96a7bf5bd7bec55d.jpg,0,1,0,0
3307_jpg.rf.68aa63d24f5ef908ee7a738c98a76ea6.jpg,0,0,0,1
0388_jpg.rf.68dace77feec785646199ac29d18e14a.jpg,1,0,0,0
1739_jpg.rf.75745fd0ebbeeb9428d7342e5de41505.jpg,0,1,0,0
1866_jpg.rf.65b31b6cec0ce0d0438ac806f23971f9.jpg,0,1,0,0
3299_jpg.rf.74b830a00e167083c956904919782015.jpg,0,0,0,1
0562_jpg.rf.9fe5fbcc05d5a4a7a44955c77692b8f2.jpg,0,0,1,0
0139_jpg.rf.fd15b8e63197474eee3c864301ecf955.jpg,0,0,1,0
1638_jpg.rf.5b5c31c9c265a6747bc914bed5b21112.jpg,0,1,0,0
1868_jpg.rf.226578105ed9ed33085f5202047ab3b7.jpg,0,1,0,1
2234_jpg.rf.33ecc536ce7b4044ead905f9b2af9447.jpg,0,1,0,0
3627_jpg.rf.7a7c184d719a6ab36855b96cc2092279.jpg,0,0,0,1
2508_jpg.rf.78b31d5c42dbc686eceb008330b826ae.jpg,0,0,1,0
3861_jpg.rf.03cc898836812a41223e70e6ad023d88.jpg,0,0,1,0
1056_jpg.rf.c72d88b2fabfa0df08be2fe7c7b7b4db.jpg,1,0,0,0
2541_jpg.rf.9791764d9ced0334433640bd12a56953.jpg,0,0,1,0
0517_jpg.rf.2c1ea897d601dfdec104460304e20216.jpg,0,0,0,1
1038_jpg.rf.977edb971453ee2dc3a977b86a0e500d.jpg,1,0,0,0
1106_jpg.rf.38f00f5cc12741f4265ef08f9ebe2a55.jpg,1,0,0,0
1094_jpg.rf.50e83d8628210d6209493d5588d43fcb.jpg,1,0,0,0
1582_jpg.rf.dcefe7af6165c590a40dfddffffdf6ea.jpg,1,0,0,0
0167_jpg.rf.4c8542d0f423268de62aea2903facdcb.jpg,0,0,0,1
1851_jpg.rf.7d562f5384c28e162cd280d35c350e7f.jpg,0,1,0,0
1577_jpg.rf.fe274b48d4def2bc22e937c60929ce1e.jpg,1,0,0,0
0721_jpg.rf.6c9ec645ca7b5eef8b38a57da709d091.jpg,0,1,0,0
0477_jpg.rf.8939c0b7d6d5d020303c45370844d16b.jpg,0,0,0,1
3416_jpg.rf.fe5d22dbb0855066a071d47419c4a19f.jpg,0,0,0,1
0776_jpg.rf.6df46369b4961fd64d3a657d777d0fc5.jpg,1,0,0,0
0309_jpg.rf.34fd94cd7683ca561da48ffe37ceaac9.jpg,0,1,0,0
1368_jpg.rf.2c41d1f5a1fdd86f225038e954cf623e.jpg,1,0,0,0
3176_jpg.rf.d40ddde04f40c8184a6f8a2071b57ada.jpg,0,0,0,1
3201_jpg.rf.5df178353906e6480eea884c6b7f5054.jpg,0,0,0,1
1126_jpg.rf.db3dcb2b29132160cb676d069f2cff25.jpg,1,0,0,0
0015_jpg.rf.3076762a3b9411f92e2fd6ba852ccfd4.jpg,1,0,0,0
3181_jpg.rf.4926345e8dd95f3ac663785e9bb28830.jpg,0,0,1,0
0834_jpg.rf.a432006d434812f6117f184c3906493f.jpg,1,0,0,0
0573_jpg.rf.8de090e62628c28b65b75e053be45007.jpg,0,1,0,0
3463_jpg.rf.0cb3a4051d6a09596a19b8913f73cbbf.jpg,0,0,0,1
3326_jpg.rf.3767c728ff74e06a502aa1dc8a822c90.jpg,0,0,0,1
0504_jpg.rf.0bc0d2ff8e49fb69882753fd94ccfb77.jpg,1,0,0,0
3295_jpg.rf.0d3f8a41fe2c2289306d3bef416d0950.jpg,0,0,0,1
0660_jpg.rf.dc37207a120be1134ec9b589447fa86e.jpg,0,0,1,0
2887_jpg.rf.4d1c0478e932f90da8bb084b06c162fb.jpg,0,0,1,0
3243_jpg.rf.67141bfb081ac8ceca90fc674f58a753.jpg,0,0,0,1
0066_jpg.rf.5f0fdec8d97d6c84eb57f00306fcf564.jpg,1,0,0,0
2756_jpg.rf.79e0f9f9206d3b24f4bea9823f37c6ac.jpg,0,0,1,0
0699_jpg.rf.01d16616ff2eae2931ff8844f9a961ce.jpg,0,1,0,0
2962_jpg.rf.7ca6f51d235b3381403fd2fc0bfc87c5.jpg,0,0,1,0
0631_jpg.rf.ad69989242c665b45c4d45e1ebfbfb96.jpg,0,0,1,0
2916_jpg.rf.c3b7bc62c2cfbfa646f6cbf5670e67c3.jpg,0,0,1,0
3502_jpg.rf.a47e8211bdb712197df4f0797c01109d.jpg,0,0,0,1
1479_jpg.rf.c8bfdfc6d7c110dd5357e46469e6c47a.jpg,1,0,0,0
2984_jpg.rf.f120c764fc4c3ff859d2a49fb2ff2259.jpg,0,0,1,0
2255_jpg.rf.1da3d0361b50d7dea97916a6e941b083.jpg,0,1,0,0
2461_jpg.rf.99a23e5aaabf9de7a0795e3792df4b5d.jpg,0,0,1,0
0601_jpg.rf.d271d20912ae527a70e7df712765e02f.jpg,0,1,0,0
2995_jpg.rf.35cbefb43e7d91352b6b3298b2e89a9a.jpg,0,0,1,0
1102_jpg.rf.28a47106ea05f2e57bbc74196072653e.jpg,1,0,0,0
2496_jpg.rf.08122ae31e118920287c04de56065b0b.jpg,0,0,1,0
1256_jpg.rf.52e4683c80e1e00026d2383c24c5e64c.jpg,0,0,1,0
0566_jpg.rf.4dfd2233587e3c95d0bfa97159b810e5.jpg,0,0,1,0
3346_jpg.rf.04e4fb3c6ebb297b1dc2819018bb7815.jpg,0,0,0,1
0598_jpg.rf.b5c26a9583ecdfadffe3c5d00d9e3aa7.jpg,0,1,0,0
2619_jpg.rf.c3543c99839e2df507d47b961864cc66.jpg,0,0,1,0
2121_jpg.rf.514e8202419c1153901a81e1a3df00ed.jpg,0,1,0,0
1369_jpg.rf.f00650319615b3444bcb9fba67b31689.jpg,1,0,0,0
0082_jpg.rf.6ff813ec99d78d8e84847ea247bf6ce7.jpg,1,0,0,0
0391_jpg.rf.96f99b737d09ee206697d13a54c85f5f.jpg,1,0,0,0
2135_jpg.rf.a25563095a24d84ee80be6794ff05044.jpg,0,1,0,0
2780_jpg.rf.7897c37010817d7fe9fc7201e6d52369.jpg,0,0,1,0
3595_jpg.rf.985d1cb140c3e913acf6b02e7c26bd80.jpg,0,0,0,1
0086_jpg.rf.9a714baa8ac9d7623dc37a51c7436ab8.jpg,1,0,0,0
3586_jpg.rf.dffed8a7ba3e0654051dbe041e666091.jpg,0,0,0,1
0408_jpg.rf.b21847b3108adee69ec53a014f14e6b9.jpg,0,0,1,0
0363_jpg.rf.bf4ee6373c33ca95eabd002f1765a465.jpg,0,1,0,0
1817_jpg.rf.80370e45d53bdf89e5fa9e1c034d9f82.jpg,0,1,0,0
2295_jpg.rf.c011ee6f2de5fcf9c5893a3a44e3e472.jpg,0,1,0,0
0640_jpg.rf.048ff0a032c97fb0ae285065d5c3e1b4.jpg,0,0,0,1
1705_jpg.rf.ee2706071a033f38c2ca0d0121b97adb.jpg,0,1,0,0
0806_jpg.rf.e8e80b5c35633bc1b05e1c53736bcb3b.jpg,1,0,0,0
1578_jpg.rf.cb7cdd40e2cd36d11f17d81bdc938a9e.jpg,1,0,0,0
0458_jpg.rf.34d9e76c4f57ebf6f6dc8bd0b4602ac8.jpg,1,0,0,0
1198_jpg.rf.09b5f24fe3cc270aa056ca6db552295a.jpg,1,0,0,0
3507_jpg.rf.1bcf54e618e6ef8d77c6b668db68eb63.jpg,0,0,0,1
1446_jpg.rf.92fbe58b39751a0275aa826e51cbb714.jpg,1,0,0,0
0824_jpg.rf.523b4b7bff0ea13e9455546a66258188.jpg,1,0,0,0
0471_jpg.rf.404f1fc8687afa6f7ed2751f57b86daa.jpg,1,0,0,0
1049_jpg.rf.36513642346fe4e77a4f8f7329785e39.jpg,1,0,0,0
2859_jpg.rf.16fd3fb1d72a8ac99ab9d0a12f895735.jpg,0,0,1,0
3487_jpg.rf.498e6895413a0ec389d35d0642445951.jpg,0,0,0,1
3709_jpg.rf.3560b4a4321820e3d93659764a17fad7.jpg,0,0,0,1
1318_jpg.rf.40d853de297b1bf4a30621820ac63067.jpg,1,0,0,0
2430_jpg.rf.78809fa0373f6e7788e0bd3b7a5bcc8c.jpg,0,0,1,0
0384_jpg.rf.570d29614304a3bd52d4324a429d5f24.jpg,1,0,0,0
1045_jpg.rf.580833e804ae30a6e9eb442a4f79e281.jpg,1,0,0,0
2801_jpg.rf.bac58f65d72b4e1033d8fcf78fac0298.jpg,0,0,1,0
3714_jpg.rf.19ffc29c40e99855b13b43048fc36d06.jpg,0,0,0,1
0049_jpg.rf.e614b6754bb9541607d785d0531ec989.jpg,1,0,0,0
2069_jpg.rf.64d1b605f12c6eb0f0b118bf6219a0c0.jpg,0,1,0,0
0365_jpg.rf.0ec4f75bf36c7b7aac666d667816aebf.jpg,0,1,0,0
2160_jpg.rf.d5299b02a013a5caca44f304f458b598.jpg,0,1,0,0
1956_jpg.rf.e84315a53054c1d26b28fb8bbda8abcf.jpg,0,1,0,0
2449_jpg.rf.d3f0b757924c99d99b595fff92cb68f6.jpg,0,0,1,0
2110_jpg.rf.88c67436266f262919753e37c4c9417a.jpg,0,1,0,0
2102_jpg.rf.b3fb1b8d31edd4d042a3dd7e8a0022bb.jpg,0,1,0,0
2579_jpg.rf.fc1f445d61b388e784e9949a89459e7d.jpg,0,0,1,0
3406_jpg.rf.6cbf0f0c1afd24cce37cf8d2d1ca78cd.jpg,0,0,0,1
0005_jpg.rf.704e180b0e6ff791040b46173b659ee1.jpg,1,0,0,0
2649_jpg.rf.202e27b0fa6ffcb2127aedf86316fefa.jpg,0,0,1,0
1572_jpg.rf.1cc1b3be45ba30a72e119f769efacdb1.jpg,1,0,0,0
2648_jpg.rf.4aaba0f110f35ff01b6b505c6198949d.jpg,0,0,1,0
1880_jpg.rf.f70154e1d19883058f2319ec15458276.jpg,0,1,0,0
1176_jpg.rf.d003c7b8da8e4be5b8eee3c8c458192d.jpg,1,0,0,0
3753_jpg.rf.0f9cec8ace6c8973df92a2ca67c0834d.jpg,0,0,0,1
3813_jpg.rf.4622524ea84a30abc80747ce42c2bd55.jpg,0,0,0,1
1359_jpg.rf.4a566374dfc06525c2d9a4a0caa69ccf.jpg,1,0,0,0
0038_jpg.rf.01f0944fe375314dfc325136e14224b9.jpg,1,0,0,0
1624_jpg.rf.2dca2f79911beba5ee20965e569422a3.jpg,0,1,0,0
1952_jpg.rf.3a416763f2974f8d387c0d8bf747fdb7.jpg,0,1,0,0
0169_jpg.rf.67f89e8c7da7ce27f8fc32c770e2d5ee.jpg,0,0,0,1
1675_jpg.rf.fc5c470cfe9c4c402d19c5b33b57e33f.jpg,0,1,0,0
3002_jpg.rf.340a3047ea86e87845513fb8e43f70a9.jpg,0,0,1,0
1163_jpg.rf.6f1a8292fbeffc4119667fb9e3cde9ea.jpg,1,0,0,0
0295_jpg.rf.5a5f6c51d922a0e6925de38553b977bc.jpg,1,0,0,0
1535_jpg.rf.f4ce6a555df5c3875333f6f81c0401c2.jpg,1,0,0,0
0495_jpg.rf.2c2e0f963b646bf4bef5ddedcf496b7d.jpg,0,0,0,1
0729_jpg.rf.b905e458f576e697e0a0403cd07a74da.jpg,0,1,0,0
3544_jpg.rf.73b26b773314272b02ebeb2518ec4ab7.jpg,0,0,0,1
2592_jpg.rf.5b447925fad2960b0a0e98f9880854c3.jpg,0,0,1,0
3860_jpg.rf.857da279b85a2d0c201a5cb934c6d614.jpg,0,0,1,0
3566_jpg.rf.7c960c32bdd3e822e45a9f621ff57742.jpg,0,0,0,1
2534_jpg.rf.7cc772754714069b1a5d208e97027a60.jpg,0,0,1,0
1000_jpg.rf.be0c0781c49746e6146a68a0032067e8.jpg,1,0,0,0
1502_jpg.rf.a14993430d56ee9ea1b516401f11f4b1.jpg,1,0,0,0
3819_jpg.rf.fb45e224d5c70cbd5cf87b1949950ad3.jpg,0,0,0,1
0613_jpg.rf.394a8814deb5579a5026a595101bab67.jpg,0,0,0,1
0296_jpg.rf.72a928443ffdf595c01cfa5264c0952f.jpg,1,0,0,0
0124_jpg.rf.0f98fd0a2132cb97bdff92a30806323a.jpg,0,0,1,0
0747_jpg.rf.419579629a752df3302d20f010fe300e.jpg,1,0,0,0
0104_jpg.rf.727f6519ae09e533b9ee9ef0ac863d87.jpg,1,0,0,0
0751_jpg.rf.4327f5cc8af7776be12df3e39c71bfc6.jpg,1,0,0,0
0831_jpg.rf.de33090226a9988ea5ae201f40b35291.jpg,1,0,0,0
0690_jpg.rf.b7f26be25dad1ebb9df27f88fccfe4dc.jpg,0,1,0,0
1043_jpg.rf.4e52bf407985ae642ca48cc0b50d82f4.jpg,1,0,0,0
2910_jpg.rf.7aa2e10abedd9b802f5f5bf7af11a5af.jpg,0,0,1,0
1355_jpg.rf.3d6d9a0f4dac97ac3bdb753af000d4ba.jpg,1,0,0,0
3199_jpg.rf.934e51ac9bcaecff5fddd07d799ce5e0.jpg,0,0,0,1
1814_jpg.rf.8e176d9cf1055b88cf6b010173d7a1af.jpg,0,1,0,0
1671_jpg.rf.397d10b31d678cc73d036f27765fb342.jpg,0,1,0,0
2891_jpg.rf.543af7f93a4e44cb2a4f050b46a29dc4.jpg,0,0,1,0
3040_jpg.rf.7ff87150b31fd111887c708f0ab767c6.jpg,0,0,1,0
2908_jpg.rf.23af549a338b21f5605ab90be268cb74.jpg,0,0,1,0
2416_jpg.rf.d22baeec6bfff773a033a6f974b58748.jpg,0,0,1,0
2470_jpg.rf.705a1379c9e47ed0baa51022b294ef3f.jpg,0,0,1,0
0919_jpg.rf.3582ad0c3b52a63a0c687b33c79e3964.jpg,1,0,0,0
3546_jpg.rf.ce35fcfb54a2ea60e626cf61ce2f84c3.jpg,0,0,0,1
1425_jpg.rf.a5720c39159959adbf8883ec35655bb8.jpg,1,0,0,0
3720_jpg.rf.1c731133dd297ec1f9bc854c792ef06b.jpg,0,0,0,1
3289_jpg.rf.53944f3c2b7f637c9e74398d80b614ba.jpg,0,0,0,1
0912_jpg.rf.ee0a4606d86a117be2a8625d168298b7.jpg,1,0,0,0
0920_jpg.rf.63bb42de38790c1575d506ef84b1da15.jpg,1,0,0,0
2580_jpg.rf.6b8df9c71a93b4e9defacffaeca63ec8.jpg,0,0,1,0
2832_jpg.rf.d264e94343f3a1b56a198eaceb5113d8.jpg,0,0,1,0
2911_jpg.rf.52ea89a8cd177c468320846c78398c2a.jpg,0,0,1,0
2366_jpg.rf.c2e89b7ffa4ad8931384a134057027aa.jpg,0,0,0,1
0606_jpg.rf.79ae7327d79b02607a3d252d127304ad.jpg,0,0,1,0
0344_jpg.rf.58f0708a51c8dfe1d222960f895f6778.jpg,0,0,0,1
0400_jpg.rf.62f84838f4d2905c0be49ae62ee6dac9.jpg,0,1,0,0
1185_jpg.rf.67f4fa821bdbd56173a27239007267c6.jpg,1,0,0,0
1798_jpg.rf.fa89d288d5373d009cd4325eddda4152.jpg,0,1,0,0
1729_jpg.rf.afcde2a6f0c40ff5dcedec49c82d2c53.jpg,0,1,0,0
1240_jpg.rf.95ad141241ef604cf1d62588b7442fd1.jpg,1,0,0,0
2571_jpg.rf.eeff56ed65f6fe31f6d92ac9144f91c8.jpg,0,0,1,0
3615_jpg.rf.a4f611e0c01febb729b4f978a6ba9421.jpg,0,0,0,1
0656_jpg.rf.c305589a2657fc1fc77b728969bdfddd.jpg,0,0,0,1
0762_jpg.rf.6c3628c4d4ab32c0ef8fe233e5ca3ccd.jpg,1,0,0,0
3671_jpg.rf.ebb36c5e38600ef733e70ad8dc802dc4.jpg,0,0,0,1
1308_jpg.rf.477fbae2300a43890a904c138f37c562.jpg,1,0,0,0
1683_jpg.rf.a40fa2baaa02ac1ba0419fbf438bba55.jpg,0,1,0,0
0798_jpg.rf.e45464a2ba33e5990abac41e17ce4e60.jpg,0,0,1,0
3160_jpg.rf.e820794e3664faa809f39a051ab14a43.jpg,0,0,0,1
1632_jpg.rf.afb4ed0879301baebfa26cb911a24a49.jpg,0,1,0,0
3865_jpg.rf.d1fc2dd8e2ea67284af622f306efca76.jpg,0,0,0,1
2113_jpg.rf.42bffe199a965f01df8510f0d0e1e491.jpg,0,1,0,0
1017_jpg.rf.b8c9d6e4395f04fe1aa5cb80b134676d.jpg,1,0,0,0
1091_jpg.rf.677f71d90b6a129b38fea8d8d9dd843a.jpg,1,0,0,0
1386_jpg.rf.49958e98b3a41994cd137c880c5446bf.jpg,1,0,0,0
2633_jpg.rf.057e5149902563f8d8ede8ebe9cb9669.jpg,0,0,1,0
3745_jpg.rf.112ccd8a85f0ec3acef3b6638d693ac3.jpg,0,0,0,1
3305_jpg.rf.fc1714d7d0a282c65abde033860b5b13.jpg,0,0,0,1
0732_jpg.rf.16385b156352428442fd90970a536a26.jpg,1,0,0,0
1840_jpg.rf.44c8410ade5b5d5a6d050aa090d75447.jpg,0,1,0,0
0185_jpg.rf.45cb0eec2e33e4c323b0f9fbda7868dd.jpg,0,1,0,0
3082_jpg.rf.63b0c1934198adeb0d52cecfe8f94264.jpg,0,0,1,0
0232_jpg.rf.d8498fd39f92e1e7e86852c5c20b81b8.jpg,0,1,0,0
0381_jpg.rf.58f7848abe19b350afb68fc51aaeb202.jpg,0,1,0,0
1773_jpg.rf.1e591051bfb3cfef763847d2a39345a8.jpg,0,1,0,0
2736_jpg.rf.bf35715600523960fdefc9cf5f8db8b8.jpg,0,0,1,0
3118_jpg.rf.855983d71ba56756aeea950e36a0cf0a.jpg,0,0,0,1
1319_jpg.rf.9fbba85de939da954e011e4283f932be.jpg,1,0,0,0
1339_jpg.rf.569d19ee17719885edb69878a7bee73d.jpg,1,0,0,0
0220_jpg.rf.8842cc58810120ab64059a3de8182a7e.jpg,1,0,0,0
2715_jpg.rf.247ee512b2c042929eeebe3f0c72e69d.jpg,0,0,1,0
2766_jpg.rf.5b6f10a6a637a6d154011e895cf064af.jpg,0,0,1,0
1620_jpg.rf.c8947f6717d6f281b60194f4b665f09c.jpg,0,1,0,0
2269_jpg.rf.26b9b381b7bcfeacb6369885c7420a70.jpg,0,1,0,0
1378_jpg.rf.50ec9b00b35ae44029425aa53e7fcb13.jpg,1,0,0,0
3067_jpg.rf.d035a8877c15a4701c1d3067e67864e8.jpg,0,0,1,0
1034_jpg.rf.4230934e03149fa575a2cdf70271b454.jpg,1,0,0,0
3647_jpg.rf.8ce94c4bbec7db6baa689b0807764ae6.jpg,0,0,0,1
0370_jpg.rf.8af813610911800736a5241b9a96af17.jpg,0,1,0,0
0727_jpg.rf.c315971bdf0a3090cdd76d62d11ef0f7.jpg,0,1,0,0
0811_jpg.rf.9f55a270e7a1951fc462154b35c8707b.jpg,1,0,0,0
0870_jpg.rf.85accfcccafb82027b21b55e85471ec1.jpg,0,1,0,0
0622_jpg.rf.01ea192ce63e6464faf1ae80c542d2a3.jpg,0,0,1,0
2946_jpg.rf.4e8051474d35956f15701b648d6aa521.jpg,0,0,1,0
0725_jpg.rf.69e75cb4be9091accc5e538bf3c3ddbe.jpg,0,1,0,0
1511_jpg.rf.93ef5669c27744c1ee9d5f7bdfa88a6b.jpg,1,0,0,0
3110_jpg.rf.66bfd1d7478026b2af5b4102d621af13.jpg,0,0,0,1
1354_jpg.rf.c1e1157f5ec8fea4d493cb9ae7166815.jpg,1,0,0,0
2595_jpg.rf.0f26c9fca8b393bcc16fe194efafd356.jpg,0,0,1,0
0856_jpg.rf.df5998924164f2914f66b5baaafe0141.jpg,1,0,0,0
2934_jpg.rf.61bf1ba03a0d4b2a9a1b1012420e25e0.jpg,0,0,1,0
3111_jpg.rf.f0714c1a215501455f86075913e91804.jpg,0,0,0,1
1333_jpg.rf.487e1314dcfa5827ab219c449ff34406.jpg,1,0,0,0
1516_jpg.rf.75ebd86f27495e0988032a5961d78bab.jpg,1,0,0,0
0420_jpg.rf.553b3c08db22eee149a53814b8c0d897.jpg,1,0,0,0
1836_jpg.rf.40abbe7d121da77b577d81a27d747a64.jpg,0,1,0,0
1391_jpg.rf.60352b2ccb587e5ba1c095f99b0800d0.jpg,1,0,0,0
3872_jpg.rf.2b757dbdba043fd956b49f731fa6558c.jpg,1,0,0,0
1517_jpg.rf.294ecd44e836bceefe07577859797e7d.jpg,1,0,0,0
1636_jpg.rf.7b2eb10d3ddbebd18ea74e347a53ea9a.jpg,0,1,0,0
0443_jpg.rf.c1f82e9cf1751b8f081ed2c2fd6913c2.jpg,1,0,0,0
0726_jpg.rf.d76eaeacb8fd5747263ea14041ae5b97.jpg,0,1,0,0
0010_jpg.rf.757f1df7be963300a6036e519e35c2bb.jpg,0,0,1,0
1874_jpg.rf.123836ac8ff2cbb8dc72dc40c55faa99.jpg,0,1,0,0
2612_jpg.rf.bdb9f730fc2ae62c572d8ae806a04586.jpg,0,0,1,0
0173_jpg.rf.ceea7ea461e3811b0b27abd18015d835.jpg,0,0,0,1
0421_jpg.rf.558324d2881eda22da647b67cbefd006.jpg,1,0,0,0
3151_jpg.rf.e631efbe3cb04901e810f914ad16479d.jpg,0,0,0,1
0733_jpg.rf.f2e295a42266339c36150a1257023eed.jpg,1,0,0,0
3161_jpg.rf.8fc826719d42a5a6b71f4134afc425f6.jpg,0,0,0,1
1689_jpg.rf.1e9e456fcf1c1c1b02cf5b8a420ed28d.jpg,0,1,0,0
2370_jpg.rf.3515da0a6a6fd787a25d926535522022.jpg,0,1,0,0
3677_jpg.rf.0570b77a99aafced41876583690673e0.jpg,0,0,0,1
2933_jpg.rf.da91f759444d507da04c62d87b6274ab.jpg,0,0,1,0
3551_jpg.rf.9d68d0244052b8243899d076b2479cb9.jpg,0,0,0,1
1349_jpg.rf.203f337ca7dd690454334a2316e9012b.jpg,0,1,0,0
3405_jpg.rf.61e02fac88a1bcc4c8ea34cbc93a6f8c.jpg,0,0,0,1
1265_jpg.rf.5f4a3994dcefa2dbe4a962034dec2103.jpg,1,0,0,0
0979_jpg.rf.52a90d468957a3a1b09ad24083c8b809.jpg,1,0,0,0
2321_jpg.rf.8c216d7aa42b7a35f2f08080dfc94a09.jpg,0,1,0,0
3376_jpg.rf.ca718c4b24e774055b94085806de97e5.jpg,0,0,0,1
0761_jpg.rf.fbb829d8e5f035231a2678ed7c2150b4.jpg,1,0,0,0
1410_jpg.rf.45e33d7c548535459d10a3ad9eb71c15.jpg,1,0,0,0
2331_jpg.rf.a534fbe5e6a54a5c7016b6a7592f4e76.jpg,0,1,0,0
2974_jpg.rf.592c3cfe028e914f06699ccfad3fdc2e.jpg,0,0,1,0
1382_jpg.rf.7a407a350aba7eaad8778edc2680636e.jpg,1,0,0,0
2012_jpg.rf.3ed3c51208cf730e2f3c203b73ae7f8c.jpg,0,1,0,0
0596_jpg.rf.a252408d5926701bed9efd75d60b395f.jpg,0,1,0,0
1301_jpg.rf.11cc4730b1e71321f5cd65a2d9e8513d.jpg,1,0,0,0
0300_jpg.rf.f4adf3126186216c8e51d0b508fb9312.jpg,1,0,0,0
2275_jpg.rf.2c0f7d50391706bf446089dfbcf43440.jpg,0,1,0,0
0337_jpg.rf.304523ac10f96a99cf7ff9c227d5669f.jpg,1,0,0,0
3331_jpg.rf.eb794b51f0908b4dc79dee9866316695.jpg,0,0,0,1
2641_jpg.rf.c3eef633d474f7165db0c1239b4d775f.jpg,0,0,1,0
3682_jpg.rf.cb41fbd45c09636209400eac5309da9f.jpg,0,0,0,1
3445_jpg.rf.1ddb7aa13489cde15de72042d0cf00ab.jpg,0,0,0,1
1119_jpg.rf.5bcc0444bc890ee33718266a74ba03e3.jpg,1,0,0,0
1603_jpg.rf.ee76c882342b185a06e248e89f3900fc.jpg,1,0,0,0
1861_jpg.rf.346253fa69d6d10734437fbc99ff8104.jpg,0,1,0,1
3801_jpg.rf.7264f17b2b1d9d17b9af5bb9e033e9f5.jpg,0,0,0,1
0126_jpg.rf.dd13bf6dd7d7bd7f8aa1fd99ad32b27a.jpg,0,0,1,0
0621_jpg.rf.f2da8dec60bf8ca68a513485094a69b4.jpg,0,0,1,0
1543_jpg.rf.17ed99e5406f2cfc6675356e1669df4d.jpg,1,0,0,0
0902_jpg.rf.3cc65009a8f19c6bb7d989099b9d8ba2.jpg,1,0,0,0
1210_jpg.rf.f98bce3306cb0f4586f11bf862c3adb2.jpg,1,0,0,0
2604_jpg.rf.d4489ce2de626a461271d2c31bbbfe47.jpg,0,0,1,0
1751_jpg.rf.b13261426d46a9dbb04eb2f063f5795f.jpg,0,1,0,0
1070_jpg.rf.6f3b8317ba8d184df26e56d792bdc65d.jpg,1,0,0,0
3741_jpg.rf.52d8409aa7780cc998106593d8008e73.jpg,0,0,0,1
1162_jpg.rf.bd35ea5f3964ef4bd48e79d0f68a4366.jpg,1,0,0,0
0423_jpg.rf.7fa02fe2dd6f24ec3f7119861fbc4804.jpg,1,0,0,0
2603_jpg.rf.f7a4cbffd3a2d1c0e8b2bf2891d44f18.jpg,0,0,1,0
2551_jpg.rf.f515ab5dcb75f1676141cb281d9db081.jpg,0,0,1,0
2824_jpg.rf.8b70b1f5c90e993580b7e88feefa2c0c.jpg,0,0,1,0
2320_jpg.rf.92394c6a6a934fa4eb683d831cde8198.jpg,0,1,0,0
3769_jpg.rf.d1fb809e085864e0a578fdfbb329478a.jpg,0,0,0,1
2490_jpg.rf.efbf0ba10ed0a05196448272bce55517.jpg,0,0,1,0
3815_jpg.rf.4f4c68aeef56c20dd8dcbc4d652004f1.jpg,0,0,0,1
1696_jpg.rf.839ba5e540cf75414139dac2d747f026.jpg,0,1,0,0
1115_jpg.rf.20248f14cfcb11c6d8f4a456bfc82239.jpg,1,0,0,0
1701_jpg.rf.5793c635fc3213aa14eaaea3286271c0.jpg,1,0,0,0
2814_jpg.rf.6ce21a174f607c03b71806391605cf93.jpg,0,0,1,0
2122_jpg.rf.f9283fe52ba3693a0140117da889c5a2.jpg,0,1,0,0
0989_jpg.rf.53e0e25554381348e39086159bd3db0e.jpg,1,0,0,0
1907_jpg.rf.b6c75c08c13ec521978a916c1bae7b6f.jpg,0,1,0,0
2409_jpg.rf.895c62a170277318c086a64545324965.jpg,0,0,1,0
0922_jpg.rf.ebabb22458c31aa8d118db1556755caf.jpg,1,0,0,0
3553_jpg.rf.765af349cdbed86de7f99a4756cbd9ca.jpg,0,0,0,1
1064_jpg.rf.5ccfa5b7e0f22f1757f098a63c39a7c6.jpg,1,0,0,0
0520_jpg.rf.314db494d410697c2e1e0b684c5e4e23.jpg,1,0,0,0
3626_jpg.rf.895db261182361c80dea2919690d6b67.jpg,0,0,0,1
1289_jpg.rf.f37d909a7940098c42326c0783da5ee1.jpg,1,0,0,0
3251_jpg.rf.870a9d896ff61da2fd045b14255c2a21.jpg,0,0,0,1
1421_jpg.rf.390f405bccf99009eb7e1b2ee0c9b996.jpg,1,0,0,0
3159_jpg.rf.2ba97d7fbbf7dcd6a1b9f7cb17c16cd6.jpg,0,0,0,1
0608_jpg.rf.c1a68473af9d08cabd4ea135c90132ab.jpg,0,0,0,1
3698_jpg.rf.883cfa6f4e329b6a33ae0e859ed23615.jpg,0,0,0,1
3137_jpg.rf.ff527d347cfea18993461016c59de932.jpg,0,0,0,1
0871_jpg.rf.2a71cea6c01492306aa629943becb186.jpg,0,1,0,0
1974_jpg.rf.56a98329073a6033beeb459f3a82cba8.jpg,0,1,0,0
0895_jpg.rf.3017ea27f563873a78a07e52e18e1ba0.jpg,1,0,0,0
3771_jpg.rf.a843cb98faaaac146fd9d5f02b947f5b.jpg,0,0,0,1
0043_jpg.rf.72836b075a6a5aa72b065a43d028726c.jpg,1,0,0,0
2751_jpg.rf.28c7bf61ca8bd01c8bc6b111abf283c0.jpg,0,0,1,0
0605_jpg.rf.5e70c79c0e613efff0d88a236ae42cf5.jpg,0,0,1,0
2415_jpg.rf.fae064516f95d5929827ed05c22b2e24.jpg,0,0,1,0
3679_jpg.rf.bb4e8b7c3b5c2e0d79c92ebfd82935de.jpg,0,0,0,1
2728_jpg.rf.042a8fe8db94ff1f5d66c246943c50a0.jpg,0,0,1,0
2493_jpg.rf.2e4fed5810f87b30ebf6244ec63b10c4.jpg,0,0,1,0
1785_jpg.rf.0ff0e4d6cca96b9884d5e2f58ded111a.jpg,0,1,0,0
0877_jpg.rf.da425d6d3ab83b742231173c11439225.jpg,1,0,0,0
1533_jpg.rf.c1d0b32bb4bfa6ee0a024bdb81786a28.jpg,1,0,0,0
2004_jpg.rf.7a8a64d611d128de8348f32a75cdc361.jpg,0,1,0,0
2691_jpg.rf.834dbb1f98c93946dd017e6bdba87c28.jpg,0,0,1,0
2983_jpg.rf.9b141b75cc9b5e9f07394cb760d608a0.jpg,0,0,1,0
3431_jpg.rf.0d4aa5b6e2c63ce795737f895f1a98fc.jpg,0,0,0,1
0338_jpg.rf.f5d051b139ed16d87fd41d3671eae007.jpg,1,0,0,0
1681_jpg.rf.f52a350c0d0ab8ed2d6562970be34efd.jpg,0,1,0,0
2306_jpg.rf.91064cfec9f7827ff12a7fd3ac325b32.jpg,0,1,0,0
3303_jpg.rf.ac88bb9836d7662ad2c321377b8b18f0.jpg,0,0,0,1
1593_jpg.rf.eb93149e743fae4443705ecfa913f263.jpg,1,0,0,0
2668_jpg.rf.e2635e59582e7c55e4143d46a04ade34.jpg,0,0,1,0
0412_jpg.rf.333da19e7ebfc576851baf796d6051c8.jpg,1,0,0,0
1765_jpg.rf.3768b1b336564c0b58d606f65f7062ed.jpg,0,1,0,0
3158_jpg.rf.ee3fa6f0914c617b3ee3c97e26d0a1cc.jpg,0,0,0,1
1195_jpg.rf.a597d4d81a6dd675e3bfb8f5a3fe71b8.jpg,1,0,0,0
1059_jpg.rf.76eee30c4601c7a18be84a1204207cd3.jpg,1,0,0,0
2774_jpg.rf.1fb0498b3f67971f099aba0bcb77b9d8.jpg,0,0,1,0
0405_jpg.rf.58f073cf2089992205c9da324e2a0a2a.jpg,0,0,0,1
0814_jpg.rf.315b00fb087146aea82071691cc134a3.jpg,1,0,0,0
2810_jpg.rf.42a2ffacdc70db5c717f4171a1defa14.jpg,0,0,1,0
0800_jpg.rf.0c8094d35ab5b95980d2398cd2dc8831.jpg,1,0,0,0
0349_jpg.rf.5f42d4fc8308c026f7ca99511e39c2a5.jpg,0,0,0,1
2681_jpg.rf.7e4c4f2cd495b6785dac83141ae06b9c.jpg,0,0,1,0
3080_jpg.rf.b37ff7dd39a7f7b77961081362644308.jpg,0,0,1,0
3494_jpg.rf.1d03ecc217de9050e5a775df7b9fe09f.jpg,0,0,0,1
0768_jpg.rf.a563e947ef858ca7f835df62c493f8bf.jpg,1,0,0,0
2692_jpg.rf.82b77878044afc754f23991180e9282e.jpg,0,0,1,0
2694_jpg.rf.6f421a8cf58ffa5bf510efd921080da5.jpg,0,0,1,0
0422_jpg.rf.3a164c93d22f1457acd913c758bae26c.jpg,1,0,0,0
2198_jpg.rf.c74202c0e2444f5341bbe6fca847e020.jpg,0,1,0,0
1285_jpg.rf.89c0f9379ab131d0f2c134f78058238b.jpg,1,0,0,0
1424_jpg.rf.635cc19ec303f52e9995944caabd1271.jpg,1,0,0,0
1461_jpg.rf.71cba8a9930d80d46ef1e5b38db205de.jpg,1,0,0,0
3422_jpg.rf.b0400fe16617004ad54b7df93ed3ae93.jpg,0,0,0,1
1248_jpg.rf.fe80272f042bc41239113b2e3f95c5b2.jpg,1,0,0,0
2222_jpg.rf.e306525fba9c7588554a6534b6146c64.jpg,0,1,0,0
0438_jpg.rf.74af0436acd4fa867ba31c731b547f53.jpg,0,1,0,0
1786_jpg.rf.01c062aca210d4f96043800fa74161ab.jpg,0,1,0,0
3820_jpg.rf.36ca812e79f7f2bb374ebd31681d05a9.jpg,0,0,0,1
1896_jpg.rf.ce899fdda7b0a479ab131e4b47a7e9d6.jpg,0,1,0,0
3257_jpg.rf.5b8ed3314dea551717761141b8efb521.jpg,0,0,0,1
0175_jpg.rf.761e550c7b9f0a5b7603dd6ad75e02ee.jpg,0,0,0,1
2047_jpg.rf.a8b188a188a493ea3f57bc6e0693e8d3.jpg,0,1,0,0
3469_jpg.rf.5d22770c7f026d31105fb7ab469a91f5.jpg,0,0,0,1
1515_jpg.rf.910757445fe0a9544a72aa300c180691.jpg,1,0,0,0
0163_jpg.rf.a0d9128c7925778d4dd620a36ccba678.jpg,0,0,0,1
0916_jpg.rf.b9cb93a62a615520774a8f295dc0934f.jpg,1,0,0,0
0731_jpg.rf.a1991c1a73557312833e00bfbfbf4776.jpg,1,0,0,0
3694_jpg.rf.17b89911ff2df2becff5a1b7b872d595.jpg,0,0,0,1
1131_jpg.rf.c396721440040c1deeb3d9f9f83d04f9.jpg,1,0,0,0
0281_jpg.rf.df7f826385c02259a191fac80d2ab7a3.jpg,1,0,0,0
2335_jpg.rf.41255dc87841fc794045e68c9edf774a.jpg,0,1,0,0
1500_jpg.rf.6f9035822b574336eda7dd034502c174.jpg,1,0,0,0
1083_jpg.rf.9be82f3df9cde531e88c792406c576e0.jpg,1,0,0,0
2477_jpg.rf.f7323ef360bd0ee4c168c3a033a65551.jpg,0,0,1,0
1824_jpg.rf.f78ec11c33aa28ca600a6c1d5ae43603.jpg,0,1,0,0
1726_jpg.rf.ad96ba6c12110c9716e92bbb8a3c028a.jpg,0,1,0,0
0268_jpg.rf.8448e59dce24c8207dda2cb929b85eaa.jpg,1,0,0,0
3409_jpg.rf.3d9a9c6c6995f46e936ac963301b3524.jpg,0,0,0,1
3862_jpg.rf.c4e2c6350af46646cb28bc192aac5c68.jpg,0,0,1,0
1560_jpg.rf.745d57469c04c5a61052b96fe8bcfe6b.jpg,1,0,0,0
2239_jpg.rf.233a642eb83bc773ba71060acbf67707.jpg,0,1,0,0
0206_jpg.rf.c5fa9e9535b2252d04193f566e5e4ccc.jpg,0,0,0,1
1082_jpg.rf.bca1312c6d4b0e5b515ad6f3008ae17a.jpg,1,0,0,0
2353_jpg.rf.0e9f49996b4585f06a888682309d9234.jpg,0,1,0,0
0199_jpg.rf.d15ba17bf2cd9a845ec6c0436c0f86a8.jpg,0,0,0,1
3542_jpg.rf.d96d2f11a13d943fc7ba618d82c215a3.jpg,0,0,0,1
1845_jpg.rf.90a1dddd9274d193495f28a682e90301.jpg,0,1,0,0
3791_jpg.rf.5e7406e622993d4183aa5bfde7183ba0.jpg,0,0,0,1
1180_jpg.rf.fa84d8603570d4d73bb79247ec4a28ff.jpg,1,0,0,0
0937_jpg.rf.4fd58e38f8737687cc7a0baa9f703757.jpg,1,0,0,0
1844_jpg.rf.62671f3175c9884b7cd6733f08e90be9.jpg,0,1,0,0
3673_jpg.rf.39491d8e7239cd76ed924c8d10c6614e.jpg,0,0,0,1
3311_jpg.rf.bdb558fab53363f89988008ad0f21a4a.jpg,0,0,0,1
3537_jpg.rf.dc00177a250908c13c08a6d7bf2ab823.jpg,0,0,0,1
0373_jpg.rf.2e16d7f266c30ec74ebdddddc4f4d894.jpg,0,1,0,0
0720_jpg.rf.3dd24a0362de7865dbef716e4fcc36cc.jpg,0,1,0,0
1169_jpg.rf.3290f01f0ec79cb46bee4dd5a38872ed.jpg,1,0,0,0
1264_jpg.rf.bad728ec1983a841f53bb9eaf978bf26.jpg,1,0,0,0
0718_jpg.rf.c2e90cfeeadba097fe2e242a2a1e4559.jpg,0,1,0,0
0851_jpg.rf.dbf202da785322778ea68b8155ef8907.jpg,1,0,0,0
0198_jpg.rf.675cc7954b6db01ff9ac4b214ea5b366.jpg,0,0,0,1
2631_jpg.rf.4a57a2b04631134531c49539791f4c96.jpg,0,0,1,0
3540_jpg.rf.29783f5a2f7e79e9744dd41c3cc7832c.jpg,0,0,0,1
2014_jpg.rf.f6b1575d70347752de9c06babf3353d9.jpg,0,1,0,0
0760_jpg.rf.eb495b17a418a7d10305f833e7c6a33d.jpg,1,0,0,0
1928_jpg.rf.a6e6300a6781f45ce0e78a8bbf660bcf.jpg,0,1,0,0
2054_jpg.rf.7ad1133085a904b6c9ca8b463f6a5f03.jpg,0,1,0,0
3189_jpg.rf.36cd5b36bbe8cc62ac307ab1a96b7d86.jpg,0,0,0,1
1541_jpg.rf.99a44e0faf874f0676e85a58b8f7a7c2.jpg,1,0,0,0
3112_jpg.rf.5bd90802d5517a3ec8fe4afcb7f312a0.jpg,0,0,0,1
2400_jpg.rf.93f9ef84d8fbfab593f88d68f782910b.jpg,0,0,1,0
0168_jpg.rf.1b642f1e0150c8122fd74b3d8805ce88.jpg,0,0,0,1
1201_jpg.rf.f800c2fca88312da1caf292124b382e2.jpg,1,0,0,0
0548_jpg.rf.5af0733ead762dd87eb09d8c3a078862.jpg,0,0,0,1
0506_jpg.rf.151fbadc5eebea22c8f6d664ab913ade.jpg,1,0,0,0
3807_jpg.rf.bad2d68a03f09b46492f0ebf460e3a5a.jpg,0,0,0,1
0007_jpg.rf.e589267aa9999aab8cadd7c27d7fc1d7.jpg,1,0,0,0
2562_jpg.rf.85df6710488798adb2d5e25ee12ee8bd.jpg,0,0,1,0
3304_jpg.rf.76cb6f3c806fc3d4a19f0ef698b4cf4d.jpg,0,0,0,1
2815_jpg.rf.fa07b1eb60d5a3a51c3fcf121d0d31a6.jpg,0,0,1,0
1463_jpg.rf.640b2026f321a7eddd280ccb64f115a6.jpg,1,0,0,0
2381_jpg.rf.d16a91235779a6eb087b257a03cd1cfb.jpg,0,0,1,0
0001_jpg.rf.a11b624d91ce727e62c1e31df98ab10a.jpg,1,0,0,0
2285_jpg.rf.86bbaf77d9bbe98ff6db1986ff7ea66c.jpg,0,1,0,0
2543_jpg.rf.fb26d8143e59b1fec3e06db39b4d5811.jpg,0,0,1,0
3811_jpg.rf.a0fd88532bc21ef41a443953f5b8e757.jpg,0,0,0,1
2725_jpg.rf.36cff71273173c4293e42a5025ee88e9.jpg,0,0,1,0
0796_jpg.rf.dfeaf16dc35f77734b29bab41632bc49.jpg,1,0,0,0
3717_jpg.rf.539d6f15871bab342c8fa91b61e8fd05.jpg,0,0,0,1
0694_jpg.rf.c52bfd52a8e9f7f33138843ffeb7f45d.jpg,0,1,0,0
3231_jpg.rf.977bd94fde160ebbe61a97febf3d5316.jpg,0,0,0,1
1309_jpg.rf.56eee9a72ad308194696c15e045704b7.jpg,1,0,0,0
2196_jpg.rf.b5866235af1f65d8346aa252dad51dd8.jpg,0,1,0,0
2540_jpg.rf.e141c8b2874596ac994158ad99d0d844.jpg,0,0,1,0
3130_jpg.rf.68322d6727f4a0bf5058e778d7201667.jpg,0,0,0,1
0080_jpg.rf.33adfca43285eeef91674c40afd0acdf.jpg,0,0,1,0
1005_jpg.rf.6d53d55f30fec12e58d8798246d797b4.jpg,1,0,0,0
1601_jpg.rf.54b99a619c11e1fcc980116b80076932.jpg,1,0,0,0
2114_jpg.rf.e7723f6b7fa29a113cc9c4987c206dff.jpg,0,1,0,0
1942_jpg.rf.52d3bd5fd949ee07769fb0ff49bc2409.jpg,0,1,0,0
2817_jpg.rf.0b00ab064f057019506b148456147c4c.jpg,0,0,1,0
1313_jpg.rf.42f1588dcba793de30fedb7bcf9c17bf.jpg,1,0,0,0
2597_jpg.rf.4839768a69d214975a3f38c9c1a4bd8b.jpg,0,0,1,0
1291_jpg.rf.ed60b697f6b9774cc7d8b7f275607b05.jpg,1,0,0,0
3773_jpg.rf.44c48a2dc878e9e20e4dfc5d1775aebd.jpg,0,0,0,1
3385_jpg.rf.f7f7c0dfdfa33c5444fa123eb3696916.jpg,0,0,0,1
1014_jpg.rf.3c50438065c22336dd67c336cd3353dd.jpg,1,0,0,0
0538_jpg.rf.2a3ce530303508875c964b0e0936d3d4.jpg,0,1,0,0
2099_jpg.rf.109f09383666b0cfbab1fa6ed6e78b68.jpg,0,1,0,0
3194_jpg.rf.82a6b5309a1201485735e3805eeb5f70.jpg,0,0,0,1
0772_jpg.rf.63917c69961fac49f4018c5c692d8ddc.jpg,1,0,0,0
0757_jpg.rf.c987b493980e08ab19f37f6074454b84.jpg,1,0,0,0
3591_jpg.rf.ee40c58b2adb79fd3e3262be8ff94a13.jpg,0,0,0,1
3084_jpg.rf.40a0899b10baa07663f8ef5be658b400.jpg,0,0,1,0
2524_jpg.rf.0c7f679679ffba3973b7b4ba7969fb2e.jpg,0,0,1,0
3347_jpg.rf.78cf11f7863517e4e9c7bdcc960fa662.jpg,0,0,0,1
1506_jpg.rf.99556cdcbf5a2ab2edb3e240911dea89.jpg,0,0,1,0
1431_jpg.rf.504d341def28e72ee7d13464cab654e1.jpg,1,0,0,0
1178_jpg.rf.e266824583ba5891a83fda9721441cef.jpg,1,0,0,0
3589_jpg.rf.11054d0c10f5bacf594064df82e51542.jpg,0,0,0,1
0263_jpg.rf.105265fcc95242bfd277f49e97ea1a7e.jpg,1,0,0,0
1110_jpg.rf.ab36a754fa433bbda2c9e4cfd87b72af.jpg,1,0,0,0
1955_jpg.rf.0341dda127b645ab8431ff95ca0d4546.jpg,0,1,0,0
2906_jpg.rf.f669c088c45c98f3d420c634e5fec805.jpg,0,0,1,0
0740_jpg.rf.9b164aac077553ff34228abb8f5bc38a.jpg,1,0,0,0
2852_jpg.rf.56ffe72cab9c93dcc38b69dadeffbfa3.jpg,0,0,1,0
3301_jpg.rf.490a8d78f6cf9105b28b81946c9c3caf.jpg,0,0,0,1
3855_jpg.rf.cf1551e78a179c9e8526062a85ef75c7.jpg,0,0,1,0
3531_jpg.rf.e544cf5d0e84c065d9a9b4bf674f8d82.jpg,0,0,0,1
1758_jpg.rf.945a1871c6bd1759ce623ade6dc5734e.jpg,0,1,0,0
0556_jpg.rf.08f0b4c39d1a38b031088b7167273541.jpg,1,0,0,0
3394_jpg.rf.61d1fcbc4801bc8711218ce04a2d54a6.jpg,0,0,0,1
1030_jpg.rf.10b0f77787d5523c36af3b0fdeee9476.jpg,1,0,0,0
3043_jpg.rf.c06604d5a05f3d402bf5c2d8c50c2980.jpg,0,0,1,0
2949_jpg.rf.cec4ef2e3ef41546ec1c442c71e8d5b7.jpg,0,0,1,0
0052_jpg.rf.6bb2b0670476f8067c31800c79f1ddcc.jpg,1,0,0,0
3794_jpg.rf.090809a46bcc451e92c621b556543559.jpg,0,0,0,1
2578_jpg.rf.fda829b66aea66a8fb0007bda3532662.jpg,0,0,1,0
3847_jpg.rf.3700fcf736a554908edb343f388cc869.jpg,0,0,0,1
0612_jpg.rf.f7f5582dbb052c8afe6058d92225d86a.jpg,0,1,0,0
0316_jpg.rf.cd9c71c7bb813151037b059cb80303cf.jpg,1,0,0,0
1768_jpg.rf.9f55827c90ba6c735b24742c93d1a8f8.jpg,0,1,0,0
1129_jpg.rf.329009bab4b56e6e963423ae2ff7e520.jpg,1,0,0,0
1697_jpg.rf.884855d3d2e7d13c9b574fe02e504c1e.jpg,0,1,0,0
2719_jpg.rf.9d2aa1c8747021ef8d623ab1612d188e.jpg,0,0,1,0
3313_jpg.rf.f4d27aa3ce9d24984571cee572babeed.jpg,0,0,0,1
0382_jpg.rf.dda9b3faac83a36505d62daaddd74ac7.jpg,0,1,0,0
3249_jpg.rf.e98d6fd013612c86c416add3a7901891.jpg,0,0,0,1
1987_jpg.rf.6dbeb601ff532a3e7ece89c8811241e2.jpg,0,1,0,0
0692_jpg.rf.ce56c8ed46e0031ca0e02929bdf48fd2.jpg,0,1,0,0
3207_jpg.rf.d13cf372073e2928b3174d9c673ba919.jpg,0,0,0,1
3832_jpg.rf.cdb14ee539a52e4aa27fd7e53c8f567a.jpg,0,0,0,1
2186_jpg.rf.f8ea203d946c5a812957a6f09531cbe2.jpg,0,1,0,0
3759_jpg.rf.d6f491b80ae64e491def8b207329ee67.jpg,0,0,0,1
0641_jpg.rf.5e4bf5ad33736807ffe7a6b3b8ca7f4a.jpg,0,0,1,0
3517_jpg.rf.24a84ece5e7a922c0dcb879e98db5856.jpg,0,0,0,1
3169_jpg.rf.6279033ba6ebc4156159d49f9368efb2.jpg,0,0,0,1
1969_jpg.rf.c1c8732f59cc2f948f977041a9151626.jpg,0,1,0,0
3444_jpg.rf.66a6772ee7b20195ae3b7911c254ea7f.jpg,0,0,0,1
3583_jpg.rf.617fc7acfdf5db15899b679c0b61e9eb.jpg,0,0,0,1
0033_jpg.rf.a3dba85f6f25a7c37264b42e3e0b45f7.jpg,0,0,0,1
1999_jpg.rf.5fe01e2177502be3b4fd36dd94f7f207.jpg,0,1,0,0
0717_jpg.rf.75d035b94e626c1daa1d4be50e5747d5.jpg,0,1,0,0
0142_jpg.rf.d8c9100f5d2536b1106587e77612ba65.jpg,0,0,1,0
3001_jpg.rf.ca3ca9571d836e4e126e7e2725fed402.jpg,0,0,1,0
0228_jpg.rf.82d65c459fafd863610659db341ffefe.jpg,0,1,0,0
2245_jpg.rf.560457ea576454d3df7dea7ff8f616b0.jpg,0,1,0,0
2237_jpg.rf.1c8d65795005bdfc0cebba880f237288.jpg,0,1,0,0
2022_jpg.rf.38acfc2d004d2d54153c37d902419487.jpg,0,1,0,0
0822_jpg.rf.f6c5552e07d93e3395136d5f5de079bb.jpg,1,0,0,0
0891_jpg.rf.af98367324ffaf3dd006e1d40928d449.jpg,1,0,0,0
3565_jpg.rf.c7c94c54e2dfb8caa70c70b16277786c.jpg,0,0,0,1
2270_jpg.rf.98301d5c29aee4f9b32fed308560814b.jpg,0,1,0,0
0419_jpg.rf.92fa71dd042c763ac8c365334c56d96a.jpg,1,0,0,0
2442_jpg.rf.bee4d982112cecd053f94d3642ba679f.jpg,0,0,1,0
3143_jpg.rf.cf01bca1b86d674667db73a4d3d816f1.jpg,0,0,0,1
0702_jpg.rf.6f0d109a867bb46de24e7330cd5020f7.jpg,0,1,0,0
3756_jpg.rf.c260935f76581f8ecc8ad53ea1553064.jpg,0,0,0,1
3466_jpg.rf.b5910c870f033213d8c1d4c112ae63ea.jpg,0,0,0,1
3413_jpg.rf.cba17d62dceb864680514b2c046d1018.jpg,0,0,0,1
0075_jpg.rf.db7bd3c3ccc254785b51da7b32d79dea.jpg,1,0,0,0
1819_jpg.rf.fde9b4eb1fb33ccfb71a5af242b438c4.jpg,0,1,0,0
3643_jpg.rf.ef25171f4d460569b8e01566be35ceb1.jpg,0,0,0,1
2384_jpg.rf.f2e6b28f6fcf6c333487c6b55b2e4225.jpg,0,0,1,0
3488_jpg.rf.3d2bfe0176f7815e53354d4274c89a3b.jpg,0,0,0,1
0482_jpg.rf.f4e6a3c3586a38382571b4a15e366204.jpg,0,0,0,1
2652_jpg.rf.d4125a5efd7bddbd9c522a25281a146f.jpg,0,0,1,0
3693_jpg.rf.7cf5b4b44993e7a598bf2fca5c7113ed.jpg,0,0,0,1
1016_jpg.rf.f38124446c166df4b0b8acb181e2b04c.jpg,1,0,0,0
1522_jpg.rf.e34b11b0c0ce22c67f24500438de98cf.jpg,1,0,0,0
2443_jpg.rf.8d634edba6c3f611cdf607184ef27b09.jpg,0,0,1,0
3330_jpg.rf.de5be1bf8ea4adde2e580a50c6c31450.jpg,0,0,0,1
2630_jpg.rf.5cbe28fcc7b0908ec6757b77d88fff0e.jpg,0,0,1,0
2011_jpg.rf.5ee7f85fc185c75872c6f628c4fe01d0.jpg,0,1,0,0
0603_jpg.rf.e7a525cafc45ae796104ce7ca19c04a3.jpg,0,1,0,0
0329_jpg.rf.d12b2560c10b6ef64666018bdd71ebc8.jpg,1,0,0,0
3356_jpg.rf.de43af53d51fc9441f3ecd68d40776b2.jpg,0,0,0,1
1472_jpg.rf.fb66d7a204a98443b27d506e206a7fca.jpg,1,0,0,0
1123_jpg.rf.4d6ed88ba6d06e717633cfa5526940dd.jpg,1,0,0,0
2989_jpg.rf.7c188405ae368da53f97fa3755614189.jpg,0,0,1,0
0324_jpg.rf.a3e869352c956e99043bb3ef9651cb14.jpg,0,0,1,0